﻿Designator,Footprint,Quantity,Value,LCSC Part #
"D1, D10, D11, D12, D13, D14, D15, D16, D17, D18, D19, D2, D20, D21, D22, D23, D24, D25, D26, D27, D28, D29, D3, D30, D31, D32, D33, D34, D35, D36, D37, D38, D39, D4, D40, D41, D42, D43, D44, D45, D46, D47, D48, D49, D5, D50, D51, D52, D53, D54, D55, D56, D57, D58, D59, D6, D60, D61, D62, D63, D64, D65, D66, D67, D68, D69, D7, D70, D71, D72, D73, D74, D75, D76, D77, D78, D79, D8, D80, D81, D82, D83, D84, D85, D86, D87, D88, D9",R_Axial_DIN0207_L6.3mm_D2.5mm_P10.16mm_Horizontal,88,D,
"D89, D90",LED_D5.0mm_IRGrey,2,LD274,
"J1, J2",PinHeader_2x10_P2.54mm_Vertical,2,Conn_02x10_Odd_Even,
J3,PinHeader_1x06_P2.54mm_Horizontal,1,Conn_01x06_Pin,
"R1, R2",R_Axial_DIN0207_L6.3mm_D2.5mm_P10.16mm_Horizontal,2,R,
"SW1, SW10, SW11, SW12, SW13, SW14, SW15, SW16, SW17, SW18, SW19, SW2, SW20, SW21, SW22, SW23, SW24, SW25, SW26, SW27, SW28, SW29, SW3, SW31, SW32, SW33, SW35, SW36, SW37, SW38, SW39, SW4, SW40, SW41, SW42, SW43, SW44, SW45, SW46, SW48, SW49, SW5, SW50, SW52, SW53, SW54, SW55, SW56, SW57, SW58, SW59, SW6, SW60, SW61, SW62, SW63, SW65, SW66, SW67, SW68, SW69, SW7, SW70, SW71, SW72, SW73, SW74, SW75, SW77, SW8, SW86, SW87, SW88, SW9",SW_Cherry_MX_1.00u_PCB,74,SW_Push,
SW30,SW_Cherry_MX_2.00u_PCB,1,SW_Push,
SW34,SW_Cherry_MX_1.50u_PCB,1,SW_Push,
SW47,SW_Cherry_MX_ISOEnter_PCB,1,SW_Push,
SW51,SW_Cherry_MX_1.75u_PCB,1,SW_Push,
"SW64, SW78, SW79, SW80, SW82, SW83, SW84, SW85",SW_Cherry_MX_1.25u_PCB,8,SW_Push,
SW76,SW_Cherry_MX_2.75u_PCB,1,SW_Push,
SW81,SW_Cherry_MX_6.25u_PCB,1,SW_Push,
